<?xml version="1.0" encoding="UTF-8"?>
<DEFECTS>
<OACRDEFECTCOUNT>5</OACRDEFECTCOUNT>
<OACRERRORCOUNT>0</OACRERRORCOUNT>
<DEFECT _seq="1"><SFA><LINE>89</LINE><COLUMN>0</COLUMN><FILENAME>kscldr.c</FILENAME><FILEPATH>c:\users\admin\downloads\flare-kscldr-master\flare-kscldr-master\sys\</FILEPATH></SFA><DEFECTCODE>28101</DEFECTCODE><DESCRIPTION>The Drivers module has inferred that the current function is a DRIVER_INITIALIZE function:  This is informational only. No problem has been detected.</DESCRIPTION><FUNCTION>DriverEntry</FUNCTION><FUNCLINE>89</FUNCLINE><PATH/></DEFECT>
<DEFECT _seq="2"><SFA><LINE>105</LINE><COLUMN>47</COLUMN><FILENAME>kscldr.c</FILENAME><FILEPATH>c:\users\admin\downloads\flare-kscldr-master\flare-kscldr-master\sys\</FILEPATH></SFA><DEFECTCODE>28169</DEFECTCODE><DESCRIPTION>The dispatch function 'scldrCreateClose' does not have any __drv_dispatchType annotations:  This can be corrected by adding appropriate __drv_dispatchType annotations to the function. Unnecessary casts can cause this warning.</DESCRIPTION><FUNCTION>DriverEntry</FUNCTION><FUNCLINE>89</FUNCLINE><PATH/></DEFECT>
<DEFECT _seq="3"><SFA><LINE>106</LINE><COLUMN>46</COLUMN><FILENAME>kscldr.c</FILENAME><FILEPATH>c:\users\admin\downloads\flare-kscldr-master\flare-kscldr-master\sys\</FILEPATH></SFA><DEFECTCODE>28169</DEFECTCODE><DESCRIPTION>The dispatch function 'scldrCreateClose' does not have any __drv_dispatchType annotations:  This can be corrected by adding appropriate __drv_dispatchType annotations to the function. Unnecessary casts can cause this warning.</DESCRIPTION><FUNCTION>DriverEntry</FUNCTION><FUNCLINE>89</FUNCLINE><PATH/></DEFECT>
<DEFECT _seq="4"><SFA><LINE>107</LINE><COLUMN>46</COLUMN><FILENAME>kscldr.c</FILENAME><FILEPATH>c:\users\admin\downloads\flare-kscldr-master\flare-kscldr-master\sys\</FILEPATH></SFA><DEFECTCODE>28169</DEFECTCODE><DESCRIPTION>The dispatch function 'scldrWrite' does not have any __drv_dispatchType annotations:  This can be corrected by adding appropriate __drv_dispatchType annotations to the function. Unnecessary casts can cause this warning.</DESCRIPTION><FUNCTION>DriverEntry</FUNCTION><FUNCLINE>89</FUNCLINE><PATH/></DEFECT>
<DEFECT _seq="5"><SFA><LINE>108</LINE><COLUMN>55</COLUMN><FILENAME>kscldr.c</FILENAME><FILEPATH>c:\users\admin\downloads\flare-kscldr-master\flare-kscldr-master\sys\</FILEPATH></SFA><DEFECTCODE>28169</DEFECTCODE><DESCRIPTION>The dispatch function 'scldrDeviceControl' does not have any __drv_dispatchType annotations:  This can be corrected by adding appropriate __drv_dispatchType annotations to the function. Unnecessary casts can cause this warning.</DESCRIPTION><FUNCTION>DriverEntry</FUNCTION><FUNCLINE>89</FUNCLINE><PATH/></DEFECT>
</DEFECTS>
